{"sim_test_0": {"worker_0": {"Total Time": 91.26, "Average Time": 1.5467796610169493, "Total Pay": 6682.31, "Average Pay": 113.25949152542374, "Num Jobs": 59}, "worker_1": {"Total Time": 86.73999999999998, "Average Time": 1.548928571428571, "Total Pay": 6581.11, "Average Pay": 117.51982142857142, "Num Jobs": 56}, "worker_2": {"Total Time": 95.42999999999998, "Average Time": 1.5904999999999996, "Total Pay": 5926.539999999998, "Average Pay": 98.77566666666664, "Num Jobs": 60}, "worker_3": {"Total Time": 1923.8099999999995, "Average Time": 1.492482544608223, "Total Pay": 152356.49000000017, "Average Pay": 118.197432117921, "Num Jobs": 1289}, "worker_4": {"Total Time": 63.47, "Average Time": 1.4425, "Total Pay": 5380.710000000001, "Average Pay": 122.28886363636366, "Num Jobs": 44}, "worker_5": {"Total Time": 74.54000000000002, "Average Time": 1.4908000000000003, "Total Pay": 5678.450000000002, "Average Pay": 113.56900000000003, "Num Jobs": 50}}, "sim_test_1": {"worker_0": {"Total Time": 93.66000000000003, "Average Time": 1.614827586206897, "Total Pay": 7214.51, "Average Pay": 124.38810344827587, "Num Jobs": 58}, "worker_1": {"Total Time": 101.3, "Average Time": 1.3689189189189188, "Total Pay": 9574.769999999999, "Average Pay": 129.38878378378377, "Num Jobs": 74}, "worker_2": {"Total Time": 91.50000000000001, "Average Time": 1.5250000000000001, "Total Pay": 8064.560000000001, "Average Pay": 134.40933333333336, "Num Jobs": 60}, "worker_3": {"Total Time": 1881.4600000000048, "Average Time": 1.5063730984787869, "Total Pay": 148736.0499999999, "Average Pay": 119.08410728582858, "Num Jobs": 1249}, "worker_4": {"Total Time": 88.60000000000001, "Average Time": 1.5543859649122809, "Total Pay": 6777.5599999999995, "Average Pay": 118.90456140350877, "Num Jobs": 57}, "worker_5": {"Total Time": 80.36000000000001, "Average Time": 1.6400000000000003, "Total Pay": 5779.989999999999, "Average Pay": 117.95897959183671, "Num Jobs": 49}}, "sim_test_2": {"worker_0": {"Total Time": 79.75999999999998, "Average Time": 1.3992982456140346, "Total Pay": 6413.37, "Average Pay": 112.51526315789474, "Num Jobs": 57}, "worker_1": {"Total Time": 93.61000000000001, "Average Time": 1.560166666666667, "Total Pay": 7340.530000000001, "Average Pay": 122.34216666666667, "Num Jobs": 60}, "worker_2": {"Total Time": 71.74000000000001, "Average Time": 1.4348, "Total Pay": 5533.360000000001, "Average Pay": 110.66720000000001, "Num Jobs": 50}, "worker_3": {"Total Time": 1931.9400000000028, "Average Time": 1.5284335443037997, "Total Pay": 150021.42999999988, "Average Pay": 118.68784018987331, "Num Jobs": 1264}, "worker_4": {"Total Time": 107.41000000000003, "Average Time": 1.5795588235294122, "Total Pay": 7967.6799999999985, "Average Pay": 117.17176470588232, "Num Jobs": 68}, "worker_5": {"Total Time": 100.09000000000002, "Average Time": 1.6143548387096778, "Total Pay": 7135.090000000001, "Average Pay": 115.08209677419356, "Num Jobs": 62}}, "sim_test_3": {"worker_0": {"Total Time": 86.34000000000002, "Average Time": 1.415409836065574, "Total Pay": 6706.099999999998, "Average Pay": 109.93606557377045, "Num Jobs": 61}, "worker_1": {"Total Time": 95.97000000000006, "Average Time": 1.5479032258064525, "Total Pay": 6676.940000000001, "Average Pay": 107.69258064516131, "Num Jobs": 62}, "worker_2": {"Total Time": 79.26999999999998, "Average Time": 1.4956603773584902, "Total Pay": 5312.829999999997, "Average Pay": 100.24207547169806, "Num Jobs": 53}, "worker_3": {"Total Time": 1924.91, "Average Time": 1.5180678233438487, "Total Pay": 146057.53000000023, "Average Pay": 115.18732649842289, "Num Jobs": 1268}, "worker_4": {"Total Time": 85.63000000000002, "Average Time": 1.5022807017543864, "Total Pay": 7431.009999999998, "Average Pay": 130.36859649122803, "Num Jobs": 57}, "worker_5": {"Total Time": 78.47999999999999, "Average Time": 1.6016326530612244, "Total Pay": 5527.689999999999, "Average Pay": 112.80999999999997, "Num Jobs": 49}}, "sim_test_4": {"worker_0": {"Total Time": 79.13, "Average Time": 1.5826, "Total Pay": 6187.259999999997, "Average Pay": 123.74519999999993, "Num Jobs": 50}, "worker_1": {"Total Time": 97.31000000000002, "Average Time": 1.4310294117647062, "Total Pay": 8678.5, "Average Pay": 127.625, "Num Jobs": 68}, "worker_2": {"Total Time": 82.83000000000001, "Average Time": 1.4281034482758623, "Total Pay": 6607.300000000001, "Average Pay": 113.9189655172414, "Num Jobs": 58}, "worker_3": {"Total Time": 1917.7200000000032, "Average Time": 1.4900699300699325, "Total Pay": 151546.52000000005, "Average Pay": 117.75176379176384, "Num Jobs": 1287}, "worker_4": {"Total Time": 100.35999999999996, "Average Time": 1.5681249999999993, "Total Pay": 7660.75, "Average Pay": 119.69921875, "Num Jobs": 64}, "worker_5": {"Total Time": 99.70000000000003, "Average Time": 1.6616666666666673, "Total Pay": 6991.7400000000025, "Average Pay": 116.52900000000004, "Num Jobs": 60}}}