{"sim_test_0": {"worker_0": {"Total Time": 581.1, "Average Time": 1.5496, "Total Pay": 44402.44000000004, "Average Pay": 118.40650666666677, "Num Jobs": 375}, "worker_1": {"Total Time": 626.4099999999994, "Average Time": 1.5660249999999984, "Total Pay": 48246.08000000005, "Average Pay": 120.61520000000013, "Num Jobs": 400}, "worker_10": {"Total Time": 631.6599999999999, "Average Time": 1.5147721822541962, "Total Pay": 47167.36999999999, "Average Pay": 113.11119904076736, "Num Jobs": 417}, "worker_2": {"Total Time": 541.0699999999999, "Average Time": 1.4905509641873276, "Total Pay": 42462.410000000025, "Average Pay": 116.97633608815434, "Num Jobs": 363}, "worker_3": {"Total Time": 529.1800000000002, "Average Time": 1.5119428571428577, "Total Pay": 41620.819999999985, "Average Pay": 118.91662857142853, "Num Jobs": 350}, "worker_4": {"Total Time": 4394.880000000001, "Average Time": 1.5302506963788305, "Total Pay": 341362.7599999999, "Average Pay": 118.85889972144842, "Num Jobs": 2872}, "worker_5": {"Total Time": 733.9899999999997, "Average Time": 1.4858097165991897, "Total Pay": 59643.39999999996, "Average Pay": 120.73562753036428, "Num Jobs": 494}, "worker_6": {"Total Time": 552.9500000000003, "Average Time": 1.5190934065934074, "Total Pay": 43900.01, "Average Pay": 120.60442307692308, "Num Jobs": 364}, "worker_7": {"Total Time": 570.2699999999998, "Average Time": 1.5046701846965693, "Total Pay": 45783.019999999975, "Average Pay": 120.799525065963, "Num Jobs": 379}, "worker_8": {"Total Time": 529.8100000000003, "Average Time": 1.5674852071005925, "Total Pay": 41618.03000000001, "Average Pay": 123.13026627218939, "Num Jobs": 338}, "worker_9": {"Total Time": 531.6299999999993, "Average Time": 1.5189428571428552, "Total Pay": 40281.25999999999, "Average Pay": 115.08931428571425, "Num Jobs": 350}}, "sim_test_1": {"worker_0": {"Total Time": 554.4700000000001, "Average Time": 1.4746542553191493, "Total Pay": 45361.389999999985, "Average Pay": 120.64199468085103, "Num Jobs": 376}, "worker_1": {"Total Time": 558.1199999999999, "Average Time": 1.5810764872521244, "Total Pay": 41731.08999999999, "Average Pay": 118.21838526912178, "Num Jobs": 353}, "worker_10": {"Total Time": 553.6300000000001, "Average Time": 1.460765171503958, "Total Pay": 45991.49000000003, "Average Pay": 121.34957783641168, "Num Jobs": 379}, "worker_2": {"Total Time": 569.4500000000006, "Average Time": 1.5266756032171598, "Total Pay": 43957.1, "Average Pay": 117.84745308310991, "Num Jobs": 373}, "worker_3": {"Total Time": 571.73, "Average Time": 1.5327882037533513, "Total Pay": 42246.570000000036, "Average Pay": 113.2615817694371, "Num Jobs": 373}, "worker_4": {"Total Time": 4579.780000000006, "Average Time": 1.5129765444334344, "Total Pay": 358312.15, "Average Pay": 118.37203501816981, "Num Jobs": 3027}, "worker_5": {"Total Time": 961.9599999999997, "Average Time": 1.5342264752791064, "Total Pay": 72309.45000000006, "Average Pay": 115.32607655502402, "Num Jobs": 627}, "worker_6": {"Total Time": 582.9999999999998, "Average Time": 1.5464190981432355, "Total Pay": 45199.40999999999, "Average Pay": 119.8923342175066, "Num Jobs": 377}, "worker_7": {"Total Time": 630.8299999999998, "Average Time": 1.520072289156626, "Total Pay": 47570.029999999984, "Average Pay": 114.62657831325298, "Num Jobs": 415}, "worker_8": {"Total Time": 600.1999999999992, "Average Time": 1.493034825870645, "Total Pay": 47137.24, "Average Pay": 117.25681592039801, "Num Jobs": 402}, "worker_9": {"Total Time": 657.06, "Average Time": 1.5035697940503432, "Total Pay": 49217.31000000002, "Average Pay": 112.62542334096115, "Num Jobs": 437}}, "sim_test_2": {"worker_0": {"Total Time": 610.3499999999996, "Average Time": 1.5491116751269025, "Total Pay": 47091.9, "Average Pay": 119.52258883248732, "Num Jobs": 394}, "worker_1": {"Total Time": 560.26, "Average Time": 1.4940266666666666, "Total Pay": 43680.37999999999, "Average Pay": 116.48101333333331, "Num Jobs": 375}, "worker_10": {"Total Time": 629.2300000000001, "Average Time": 1.5460196560196564, "Total Pay": 47080.669999999984, "Average Pay": 115.67732186732182, "Num Jobs": 407}, "worker_2": {"Total Time": 540.9000000000002, "Average Time": 1.5066852367688028, "Total Pay": 44580.71000000003, "Average Pay": 124.1802506963789, "Num Jobs": 359}, "worker_3": {"Total Time": 598.7400000000002, "Average Time": 1.4968500000000007, "Total Pay": 48097.71999999997, "Average Pay": 120.24429999999992, "Num Jobs": 400}, "worker_4": {"Total Time": 4521.6500000000115, "Average Time": 1.5485102739726067, "Total Pay": 339150.72999999946, "Average Pay": 116.14751027397242, "Num Jobs": 2920}, "worker_5": {"Total Time": 824.9200000000004, "Average Time": 1.5535216572504715, "Total Pay": 63406.84999999999, "Average Pay": 119.41026365348398, "Num Jobs": 531}, "worker_6": {"Total Time": 585.96, "Average Time": 1.5024615384615385, "Total Pay": 47659.50999999995, "Average Pay": 122.20387179487167, "Num Jobs": 390}, "worker_7": {"Total Time": 600.5599999999997, "Average Time": 1.584591029023746, "Total Pay": 42695.37000000002, "Average Pay": 112.65269129287603, "Num Jobs": 379}, "worker_8": {"Total Time": 570.6499999999994, "Average Time": 1.501710526315788, "Total Pay": 43920.88000000002, "Average Pay": 115.58126315789478, "Num Jobs": 380}, "worker_9": {"Total Time": 611.39, "Average Time": 1.5170967741935484, "Total Pay": 45816.93000000003, "Average Pay": 113.68965260545913, "Num Jobs": 403}}, "sim_test_3": {"worker_0": {"Total Time": 567.6299999999994, "Average Time": 1.5341351351351336, "Total Pay": 43008.36999999998, "Average Pay": 116.23883783783779, "Num Jobs": 370}, "worker_1": {"Total Time": 545.79, "Average Time": 1.48716621253406, "Total Pay": 42388.11000000001, "Average Pay": 115.4989373297003, "Num Jobs": 367}, "worker_10": {"Total Time": 571.2299999999999, "Average Time": 1.4722422680412368, "Total Pay": 45077.15000000003, "Average Pay": 116.17822164948461, "Num Jobs": 388}, "worker_2": {"Total Time": 610.5, "Average Time": 1.4782082324455206, "Total Pay": 46845.94999999996, "Average Pay": 113.42845036319603, "Num Jobs": 413}, "worker_3": {"Total Time": 536.3899999999996, "Average Time": 1.4615531335149854, "Total Pay": 42428.07, "Average Pay": 115.60782016348774, "Num Jobs": 367}, "worker_4": {"Total Time": 4428.859999999992, "Average Time": 1.5203776175763792, "Total Pay": 340620.9600000001, "Average Pay": 116.93132852729148, "Num Jobs": 2913}, "worker_5": {"Total Time": 777.9700000000007, "Average Time": 1.4818476190476204, "Total Pay": 60136.19, "Average Pay": 114.54512380952382, "Num Jobs": 525}, "worker_6": {"Total Time": 546.7499999999997, "Average Time": 1.5187499999999992, "Total Pay": 40464.310000000005, "Average Pay": 112.40086111111113, "Num Jobs": 360}, "worker_7": {"Total Time": 598.47, "Average Time": 1.5345384615384616, "Total Pay": 46763.960000000014, "Average Pay": 119.90758974358978, "Num Jobs": 390}, "worker_8": {"Total Time": 547.7799999999995, "Average Time": 1.5132044198895014, "Total Pay": 44185.679999999986, "Average Pay": 122.05988950276239, "Num Jobs": 362}, "worker_9": {"Total Time": 563.5600000000003, "Average Time": 1.5654444444444453, "Total Pay": 42289.41999999999, "Average Pay": 117.47061111111108, "Num Jobs": 360}}, "sim_test_4": {"worker_0": {"Total Time": 612.72, "Average Time": 1.5318, "Total Pay": 48005.29999999997, "Average Pay": 120.01324999999991, "Num Jobs": 400}, "worker_1": {"Total Time": 531.1700000000006, "Average Time": 1.5176285714285733, "Total Pay": 42260.78, "Average Pay": 120.74508571428571, "Num Jobs": 350}, "worker_10": {"Total Time": 534.1199999999999, "Average Time": 1.4919553072625695, "Total Pay": 42516.81999999997, "Average Pay": 118.76206703910606, "Num Jobs": 358}, "worker_2": {"Total Time": 519.81, "Average Time": 1.4642535211267604, "Total Pay": 42274.66000000005, "Average Pay": 119.08354929577479, "Num Jobs": 355}, "worker_3": {"Total Time": 591.9900000000001, "Average Time": 1.5744414893617025, "Total Pay": 44296.3,